"спорт";1;5;8907576;303099
"лыжный спорт";2;12;150531;12051
"порно спорт";2;11;44621;15785
"спорт ру";2;8;67754;21032
"спорт уикенд";2;12;19342;14721
"кровавый спорт";2;14;99942;15931
"мой спорт";2;9;8919076;12111
"триал спорт";2;11;261332;87647
"виды спорта";2;11;895675;17258
"яндекс спорт";2;12;53999;32043
"спорт порно";2;11;45174;15887
"новости спорта";2;14;378116;183409
"спорт яндекс";2;12;54320;32297
"результаты спорта";2;17;58483;12534
"советский спорт";2;15;49614;23738
"спорт экспресс";2;14;679512;517410
"спорт вокруг";2;12;25447;11715
"кинаш спорт";2;11;9289;5550
"спорт это";2;9;8907576;6291
"окко спорт";2;10;19009;7442
"виста спорт";2;11;13453;6175
"спорт 24";2;8;23918;6788
"алтайский спорт";2;15;10550;5860
"онлайн спорт";2;12;141731;10987
"спорт 3";2;7;117209;7258
"арт спорт";2;9;22353;9505
"сетанта спорт";2;13;70566;6628
"спорт новости";2;13;380344;11027
"спорт онлайн";2;12;141343;10871
"риттер спорт";2;12;43411;6145
"спорт кз";2;8;16791;9340
"новости спорт";2;13;378116;11070
"результаты спорт";2;16;58483;5373
"спорт пари";2;10;9464;3588
"спорт депо";2;10;6568;3846
"спорт хоккей";2;12;52370;3881
"гранта спорт";2;12;50130;3749
"конный спорт";2;12;85573;3877
"арта спорт";2;10;22345;3691
"секс спорт";2;10;23512;5120
"спорт сегодня";2;13;110517;3878
"паджеро спорт";2;13;250234;4299
"патриот спорт";2;13;22418;3874
"спорт секс";2;10;23594;5131
"спорт футбол";2;12;101589;4307
"лайф спорт";2;10;12303;3717
"включи спорт";2;12;32763;4054
"спорт результаты";2;16;58241;5346
"ювента спорт";2;12;8202;3553
"гиревой спорт";2;13;34766;2486
"весь спорт";2;10;9135096;2898
"министерство спорта";2;19;85595;3302
"лайв спорт";2;10;6594;2781
"дворец спорта";2;13;184327;3188
"веста спорт";2;11;31410;2499
"спорт плюс";2;10;20506;3499
"планета спорт";2;13;33030;3240
"голый спорт";2;11;13371;3445
"спорт тв";2;8;44632;2934
"конькобежный спорт";2;18;43556;3531
"умный спорт";2;11;10112;3457
"спорт лайв";2;10;6646;2680
"кинопоиск спорт";2;15;4904;3364
"поволжье спорт";2;14;12638;3540
"непредвзятый спорт";2;18;5367;2404
"гейм спорт";2;10;6703;1893
"картинки спорт";2;14;47334;2010
"спорт сити";2;10;13107;2102
"спорт картинки";2;14;44654;1978
"санный спорт";2;12;10216;2057
"рдш спорт";2;9;4890;1899
"прайм спорт";2;11;12283;2259
"сити спорт";2;10;13153;2084
"академия спорта";2;15;25303;2170
"аирсофт спорт";2;13;2294;2019
"спорт 42";2;8;5411;2293
"чир спорт";2;9;24390;2210
"калина спорт";2;12;31432;1959
"спорт подмосковья";2;17;5488;2136
"рэй спорт";2;9;7535;2348
"спорт рдш";2;9;4881;1833
"лидер спорт";2;11;8201;1488
"фиджитал спорт";2;14;4595;1514
"про спорт";2;9;195056;1578
"спорт бизнес";2;12;23106;1506
"страйкбол спорт";2;15;2251;1534
"бизнес спорт";2;12;23245;1495
"спорт бокс";2;10;26758;1736
"мастер спорта";2;13;172477;1567
"аниме спорт";2;11;13559;1629
"мир спорта";2;10;62881;1515
"спорт уз";2;8;6784;1762
"горнолыжный спорт";2;17;33121;1669
"море спорта";2;11;9712;1497
"иас спорт";2;9;3156;1589
"спорт кхл";2;9;12933;1770
"спорт магазин";2;13;135379;1486
"предвзятый спорт";2;16;2805;1200
"гига спорт";2;10;4144;1295
"музыка спорт";2;12;55809;1356
"технология спорта";2;17;11137;1259
"спорт поинт";2;11;2825;1310
"спорт питание";2;13;27629;1218
"ушу спорт";2;9;3016;1453
"спорт музыка";2;12;55317;1353
"вид спорта";2;10;895862;1399
"спорт украина";2;13;11654;1307
"ритер спорт";2;11;6770;1454
"ххх спорт";2;9;2901;1451
"ски спорт";2;9;2244;1240
"авт спорт";2;9;7446;1386
"спорт ххх";2;9;2913;1459
"министр спорта";2;14;34461;1192
"парусный спорт";2;14;13575;1033
"майл спорт";2;10;3571;1045
"вита спорт";2;10;3644;1079
"спорт прогнозы";2;14;108383;1044
"спорт бийск";2;11;3586;1059
"дриада спорт";2;12;1841;1036
"спорт порт";2;10;7295;1105
"хентай спорт";2;12;2714;1079
"спорт мосрег";2;12;3204;1099
"флекс спорт";2;11;4013;1047
"спорт нк";2;8;1841;1110
"лада спорт";2;10;41568;1104
"за спорт";2;8;9086986;1043
"спорт шик";2;9;11932;1086
"спорт юа";2;8;2046;1173
"спорт фото";2;10;42567;1027
"спорт ставки";2;12;193916;853
"борьба спорт";2;12;17583;868
"спорт 365";2;9;4726;912
"тим спорт";2;9;3166;867
"шака спорт";2;10;1155;877
"рб спорт";2;8;5017;855
"мотивация спорт";2;15;18523;964
"спорт мода";2;10;10377;877
"спорт якутии";2;12;2389;948
"смотреть спорт";2;14;106601;876
"смотри спорт";2;12;106602;1006
"дом спорта";2;10;29456;953
"диана спорт";2;11;4084;866
"спорт всегда";2;12;6148;945
"картинка спорт";2;14;47334;1009
"угра спорт";2;10;1990;850
"магис спорт";2;11;4715;772
"масс спорт";2;10;4927;799
"вейдер спорт";2;12;3945;815
"спорт ню";2;8;1613;799
"танки спорт";2;11;1241;800
"лезги спорт";2;11;1652;783
"спорт бар";2;9;29379;832
"тверь спорт";2;11;6886;812
"33 спорт";2;8;3694;819
"ртр спорт";2;9;902;800
"кант спорт";2;10;1438;837
"спорт сайты";2;11;172707;829
"экстра спорт";2;12;3782;789
"гетто спорт";2;11;1219;816
"эротика спорт";2;13;3848;844
"герои спорта";2;12;13270;768
"дабл спорт";2;10;1462;717
"л спорт";2;7;11042;722
"тасс спорт";2;10;1099;742
"сов спорт";2;9;1365;722
"спорт кыргызстан";2;16;1267;730
"тт спорт";2;8;2353;718
"гис спорт";2;9;2089;755
"спорт инн";2;9;8951;739
"спорт драйв";2;11;5365;753
"май спорт";2;9;3897;726
"зимний спорт";2;12;175893;758
"день спорта";2;11;60772;754
"прогноз спорт";2;13;107589;721
"палестра спорт";2;14;1678;746
"волга спорт";2;11;11190;763
"музей спорта";2;12;6976;705
"спорт стиль";2;11;11038;653
"профи спорт";2;11;2790;669
"мастер спорт";2;12;172477;677
"крымский спорт";2;14;1066;668
"московский спорт";2;16;24994;671
"виасат спорт";2;12;7047;655
"факел спорт";2;11;2531;692
"танцевальный спорт";2;18;40656;671
"боско спорт";2;11;2321;685
"спорта";1;6;8906054;669
"дон спорт";2;9;16164;697
"4х4 спорт";2;9;1456;686
"спорт тайм";2;10;5049;667
"заниматься спортом";2;18;297328;684
"спорт россии";2;12;136588;700
"нива спорт";2;10;5547;646
"газета спорт";2;12;74628;602
"киа спорт";2;9;4586;616
"монтеро спорт";2;13;33665;624
"история спорта";2;14;36611;604
"результат спорта";2;16;58488;618
"спорт стейшн";2;12;841;603
"р спорт";2;7;7913;632
"анта спорт";2;10;1311;621
"смешарики спорт";2;15;3219;629
"альфа спорт";2;11;5189;617
"hd спорт";2;8;3317;641
"топ спорт";2;9;14139;631
"планета спорта";2;14;33030;604
"спорт 3тв";2;9;702;627
"кмс спорт";2;9;6814;641
"спорт пресса";2;12;3654;600
"на спорте";2;9;8917122;548
"спорт уа";2;8;692;556
"городошный спорт";2;16;4196;565
"фристайл спорт";2;14;5278;551
"квн спорт";2;9;1161;558
"ценности спорта";2;15;27168;549
"экстремальный спорт";2;19;24782;589
"спорт вики";2;10;1530;562
"спорт 18";2;8;11213;580
"спорт дилер";2;11;1977;557
"адаптивный спорт";2;16;13089;597
"бо спорт";2;8;1570;588
"спорт голышом";2;13;1215;550
"департамент спорта";2;18;21747;576
"спорт ливе";2;10;1172;600
"клевер спорт";2;12;5920;548
"занятие спортом";2;15;164596;478
"2к спорт";2;8;1272;491
"спорт он";2;8;8907576;517
"занятия спортом";2;15;164596;487
"экси спорт";2;10;1155;504
"консоль спорт";2;13;4003;485
"дискавери спорт";2;15;14252;526
"витал спорт";2;11;1270;505
"рбк спорт";2;9;2057;519
"капоэйра спорт";2;14;859;498
"гравити спорт";2;13;1130;527
"статистика спорта";2;17;5822;522
"спорт кубес";2;11;592;486
"спайн спорт";2;11;1455;518
"спорт янгиликлари";2;17;1538;546
"диджитал спорт";2;14;1470;466
"я спорт";2;7;8897793;464
"кузница спорта";2;14;816;463
"зона спорта";2;11;4094;457
"спорт азербайджана";2;18;5915;453
"небо спорт";2;10;1697;445
"спорт магазины";2;14;135372;442
"парашютный спорт";2;16;5634;439
"спортом";1;7;8908012;425
"спорты";1;6;8905385;238
"олимпия спорт";2;13;2593;448
"приора спорт";2;12;4179;447
"спорт хабарлари";2;15;447;428
"фаворит спорт";2;13;1501;429
"спорт чемпионат";2;15;29837;450
"спорт мотивация";2;15;18466;973
"авиамодельный спорт";2;19;2440;416
"ауди спорт";2;10;3192;427
"спорт трансляции";2;16;30162;457
"треал спорт";2;11;774;413
"эль спорт";2;9;1484;414
"пилонный спорт";2;14;2082;413
"аркада спорт";2;12;875;416
"спорт авто";2;10;13206;410
"рнпц спорта";2;11;1319;412
"атом спорт";2;10;2443;407
"спорт дети";2;10;113976;525
"спорт картинка";2;14;44654;933
"спорт видео";2;11;44148;522
"скелетон спорт";2;14;3548;477
"фото спорт";2;10;42673;1046
"карта спорта";2;12;11981;401
"тюнинг спорт";2;12;6400;416
"птк спорт";2;9;1158;403
"королева спорта";2;15;8023;401
"спорт теннис";2;12;28671;482
"о спорте";2;8;8866055;388
"спорт лин";2;9;2519;407
"фон спорт";2;9;6294;647
"живу спортом";2;12;4158;379
"спорт семья";2;11;9619;388
"игра спорт";2;10;83980;619
"поло спорт";2;10;3277;399
"риа спорт";2;9;2676;392
"спорт программа";2;15;82468;697
"тв спорт";2;8;44632;2934
"дельта спорт";2;12;2724;364
"лесби спорт";2;11;2704;487
"спорт фаза";2;10;2268;363
"спорт се";2;8;1725;359
"файв спорт";2;10;718;357
"фильмы спорт";2;12;116636;505
"трибуна спорт";2;13;934;359
"спорт цитаты";2;12;16356;538
"премьер спорт";2;13;3215;496
"стрим спорт";2;11;2932;513
"ю спорт";2;7;3207;363
"юана спорт";2;10;776;346
"телеканал спорт";2;15;4914;421
"рисунок спорт";2;13;24543;660
"спорт 32";2;8;3117;346
"польза спорта";2;13;7379;352
"комбат спорт";2;12;538;351
"спорт азербайджан";2;17;5915;618
"спорт эротика";2;13;3802;829
"точка спорта";2;12;6505;346
"плавание спорт";2;14;21939;473
"кросс спорт";2;11;4467;354
"арена спорт";2;11;18922;464
"канал спорт";2;11;27533;589
"профессиональный спорт";2;22;16793;345
"авм спорт";2;9;3785;341
"спорт казахстана";2;16;9280;342
"фан спорт";2;9;1561;343
"ильинка спорт";2;13;808;340
"спорт имаджес";2;13;457;339
"диалог спорт";2;12;2347;340
"в спорте";2;8;9133208;333
"гостиница спорт";2;15;8214;388
"спорт аналитика";2;15;19449;575
"спорт румынии";2;13;397;333
"спорт экстрим";2;13;4215;469
"спорт секретарь";2;15;1298;331
"спорт виды";2;10;826239;391
"спорт игры";2;10;79876;615
"атлант спорт";2;12;2917;343
"тульский спорт";2;14;2714;327
"магазин спорт";2;13;135331;1503
"спорт википедия";2;15;3723;341
"программа спорт";2;15;82418;687
"okko спорт";2;10;1250;322
"спорт патриот";2;13;25446;4255
"спорт рисунок";2;13;24798;667
"митсубиси спорт";2;15;91753;321
"алтай спорт";2;11;1571;421
"город спорта";2;12;30573;319
"ставки спорт";2;12;193916;853
"время спорта";2;12;40929;312
"шанель спорт";2;12;12197;317
"территория спорта";2;17;4933;308
"спорт түрлері";2;13;1628;311
"альпика спорт";2;13;1145;319
"стингер спорт";2;13;1395;311
"калашников спорт";2;16;684;307
"принцесса спорта";2;16;1987;307
"сигма спорт";2;11;4846;309
"мода спорта";2;11;10318;301
"тула спорт";2;10;7197;342
"спорт определение";2;17;6417;357
"спорт таджикистан";2;17;1092;307
"спорт нордик";2;12;924;379
"йети спорт";2;10;1058;302
"спорт дома";2;10;28569;305
"экип спорт";2;10;622;300
"спорт украины";2;13;11654;296
"спорт туризм";2;12;36031;357
"спин спорт";2;10;4295;296
"русич спорт";2;11;736;293
"реал спорт";2;10;3086;310
"прогнозы спорт";2;14;107572;1032
"игры спорт";2;10;83980;621
"365 спорт";2;9;4750;932
"вести спорт";2;11;5012;290
"рикер спорт";2;11;592;284
"спорт макс";2;10;2446;333
"реамед спорт";2;12;1368;280
"спорт ньюс";2;10;421;280
"спорт 1";2;7;135875;324
"детский спорт";2;13;35385;294
"спорт делюкс";2;12;688;283
"азербайджан спорт";2;17;5335;641
"супер спорт";2;11;7287;277
"мастерская спорта";2;17;829;276
"спорт лайт";2;10;5293;288
"рендж спорт";2;11;52967;283
"телепрограмма спорта";2;20;10691;273
"спорт тур";2;9;2262;274
"аналитика спорт";2;15;19709;591
"футбол спорт";2;12;102007;4287
"спорт нхл";2;9;4648;282
"спорт 51";2;8;981;272
"форд спорт";2;10;6198;272
"массовый спорт";2;14;14828;269
"поп спорт";2;9;2767;274
"велосипедный спорт";2;18;5300;266
"спорт пульс";2;11;3488;271
"грация спорт";2;12;1002;264
"спорт фм";2;8;1291;275
"спорт эллада";2;12;436;282
"спорт сезон";2;11;2261;278
"бест спорт";2;10;1168;266
"дф спорт";2;8;410;262
"спорт синоним";2;13;1719;307
"спорт канал";2;11;27791;621
"лыжи спорт";2;10;26930;489
"азбука спорта";2;13;1144;260
"спорт диспансер";2;15;3378;272
"радио спорт";2;11;2709;308
"спорт фон";2;9;6288;632
"психология спорта";2;17;5469;258
"обои спорт";2;10;4527;339
"статистика спорт";2;16;5822;508
"ява спорт";2;9;677;260
"сан спорт";2;9;1658;256
"даудель спорт";2;13;1172;256
"гео спорт";2;9;977;255
"спорт машины";2;12;11887;303
"спорт статистика";2;16;5822;508
"голые спорт";2;11;13371;356
"гаме спорт";2;10;928;249
"виваро спорт";2;12;549;251
"арб спорт";2;9;1220;288
"спорт зания";2;11;1560;247
"лига спорта";2;11;8238;247
"картинки спорта";2;15;47323;246
"спорт глухих";2;12;4811;281
"спорт каналы";2;12;27532;272
"хоккей спорт";2;12;52484;3928
"спорт таун";2;10;1467;248
"спорт прикид";2;12;457;244
"риккир спорт";2;12;365;243
"спорт мгу";2;9;930;288
"сила спорта";2;11;13747;236
"сура спорт";2;10;879;235
"водный спорт";2;12;41116;245
"спорт лыжи";2;10;27042;490
"сбс спорт";2;9;2073;233
"спорт шоп";2;9;1068;237
"дарган спорт";2;12;300;233
"клик спорт";2;10;485;239
"спорт хаус";2;10;2522;234
"кп спорт";2;8;1124;345
"иж спорт";2;8;16745;239
"спорт сервис";2;12;4803;295
"ню спорт";2;8;1600;799
"победа спорт";2;12;9698;234
"теорема спорта";2;14;1080;225
"спорт нутришн";2;13;1264;224
"рез спорта";2;10;336;221
"стрелковый спорт";2;16;2606;222
"спорт теч";2;9;345;220
"большой спорт";2;13;33104;221
"сасиса спорт";2;12;232;219
"роллер спорт";2;12;1863;220
"андеграунд спорт";2;16;972;254
"спорт рисунки";2;13;24795;400
"спорт аниме";2;11;14049;1655
"профессионал спорт";2;18;9045;374
"азербайджанский спорт";2;21;537;216
"завод спорта";2;12;2244;213
"мма спорт";2;9;5226;411
"телепрограмма спорт";2;19;10691;300
"спорт игра";2;10;79876;575
"красногорский спорт";2;19;316;211
"спорт бай";2;9;3656;208
"аллюр спорт";2;11;11547;215
"русский спорт";2;13;30676;210
"спорт биатлон";2;13;13120;274
"эро спорт";2;9;856;322
"покажи спорт";2;12;9900;299
"спорт казахстан";2;15;9280;247
"акр спорт";2;9;1484;206
"спорт у";2;7;8907576;250
"ровер спорт";2;11;64850;209
"спорт лига";2;10;8180;313
"тв3 спорт";2;9;702;347
"диор спорт";2;10;6985;206
"праздник спорта";2;15;6464;204
"флай спорт";2;10;559;206
"спорт костюм";2;12;25252;217
"адреналин спорт";2;15;1010;220
"спектр спорт";2;12;891;205
"юг спорт";2;8;5029;213
"спорт мейл";2;10;232;205
"квадробика спорт";2;16;456;228
"федерация спорта";2;16;75875;202
"мк спорт";2;8;1140;209
"а спорт";2;7;9135096;200
"спорт эссе";2;10;5315;231
"спорт с";2;7;8907576;265
"мицубиси спорт";2;14;55966;200
"доктор спорт";2;12;1470;199
"атлет спорт";2;11;2043;200
"око спорт";2;9;1990;199
"спорт стейшен";2;13;294;196
"спорт майл";2;10;3596;1104
"вип спорт";2;9;820;198
"спорт вектор";2;12;1925;277
"спорт сеть";2;10;1826;197
"спорт мма";2;9;5196;403
"раскраска спорт";2;15;6992;266
"бас спорт";2;9;737;190
"спорт рк";2;8;2418;260
"спорт волейбол";2;14;23550;284
"матч спорт";2;10;15794;230
"спорт одежда";2;12;22668;208
"ездовой спорт";2;13;3798;191
"ортомол спорт";2;13;572;192
"в спорт";2;7;9135096;211
"империя спорта";2;14;1490;190
"фильм спорт";2;11;116640;290
"сафари спорт";2;12;1457;191
"функции спорта";2;14;6295;189
"авито спорт";2;11;19720;192
"командный спорт";2;15;11344;192
"женский спорт";2;13;26630;197
"скачать спорт";2;13;90083;281
"мерседес спорт";2;14;2327;224
"бмв спорт";2;9;4653;195
"рисунки спорт";2;13;24540;399
"спорта округ";2;12;6498;182
"спорт пнг";2;9;1203;231
"анекс спорт";2;11;2290;182
"кия спорт";2;9;1378;184
"спорт бесплатно";2;15;103856;194
"гк спорт";2;8;728;182
"актион спорт";2;12;25106;179
"горький спорт";2;13;1389;179
"спорт 2";2;7;152834;192
"тойота спорт";2;12;4176;198
"спорт поволжье";2;14;12638;3540
"фэнтези спорт";2;13;506;195
"плюсы спорта";2;12;20530;176
"фаза спорта";2;11;2302;174
"каноэ спорт";2;11;832;176
"ямал спорт";2;10;855;181
"управление спорта";2;17;30881;171
"спорт белоруссии";2;16;1725;171
"нов спорта";2;10;29048;171
"цитаты спорт";2;12;16289;527
"романель спорт";2;14;290;172
"спорт красноярск";2;16;18594;200
"спорт волгоград";2;15;10620;175
"xxx спорт";2;9;719;300
"спорт беларусь";2;14;10176;200
"миррей спорт";2;12;720;170
"спорт мотоцикл";2;14;9938;269
"спорт фэмили";2;12;720;179
"союз спорт";2;10;6704;330
"кхл спорт";2;9;12916;1747
"битца спорт";2;11;497;171
"гребной спорт";2;13;3811;167
"спорт универ";2;12;515;167
"арена спорта";2;12;18920;167
"минусы спорта";2;13;5201;166
"гамбол спорт";2;12;348;174
"тема спорт";2;10;94825;197
"спорт газета";2;12;71653;598
"разряды спорта";2;14;23983;166
"барс спорт";2;10;1514;166
"спорт каток";2;11;10739;178
"могул спорт";2;11;828;170
"спорт газеты";2;12;71648;167
"север спорт";2;11;2152;170
"спорт фильмы";2;12;118641;524
"спорт союз";2;10;6704;330
"спорт стрим";2;11;2932;513
"лото спорт";2;10;11291;274
"формат спорт";2;12;1496;176
"институт спорта";2;15;12734;162
"спорт подмосковье";2;17;5488;167
"фото спорта";2;11;42666;166
"спорт кинопоиск";2;15;4978;3421
"спорт кубс";2;10;179;160
"спорт 164";2;9;447;161
"спорт эстетика";2;14;1226;187
"чайка спорт";2;11;433;160
"аналитика спорта";2;16;19709;158
"марафон спорт";2;13;14956;214
"корпоративный спорт";2;19;1656;158
"регби спорт";2;11;2623;202
"голая спорт";2;11;13373;177
"югра спорт";2;10;2363;162
"спорт принт";2;11;609;157
"рино спорт";2;10;270;156
"о спорт";2;7;8867992;225
"спорт молдова";2;13;489;182
"динамо спорт";2;12;6863;158
"и спорт";2;7;9086986;233
"спорт отель";2;11;10745;204
"какой спорт";2;11;281672;169
"спорт профессионал";2;18;9223;373
"спорт результат";2;15;58248;165
"спорт смоленск";2;14;5121;170
"эксперт спорт";2;13;1506;153
"бенди спорт";2;11;645;266
"спорт жизнь";2;11;58477;165
"спорт клубы";2;11;15527;151
"студенческий спорт";2;18;5697;150
"любительский спорт";2;18;2631;152
"фокс спорт";2;10;552;155
"еа спорт";2;8;692;150
"спорт узбекистана";2;17;5383;149
"сената спорт";2;12;1148;148
"омега спорт";2;11;1621;148
"подводный спорт";2;15;4349;147
"грамота спорт";2;13;3570;164
"трамп спорт";2;11;293;148
"батутный спорт";2;14;876;148
"спорт турист";2;12;3203;149
"спорт хентай";2;12;2711;1074
"афиша спорт";2;11;9233;190
"спорт машина";2;12;11888;192
"мирей спорт";2;11;600;145
"мачете спорт";2;12;3489;144
"атлетика спорт";2;14;16680;150
"нтв спорт";2;9;2383;148
"майти спорт";2;11;261;145
"видео спорт";2;11;45376;573
"спорт рота";2;10;1123;144
"скай спорт";2;10;973;144
"карпаты спорт";2;13;699;144
"актив спорт";2;11;2598;145
"занимается спортом";2;18;297328;150
"воднолыжный спорт";2;17;612;142
"спорт люкс";2;10;1816;147
"спорт портал";2;12;11846;144
"армия спорта";2;12;2278;141
"автомобильный спорт";2;19;2421;144
"флэш спорт";2;10;585;141
"спорт часы";2;10;21659;195
"спорт арена";2;11;19565;472
"спорт тв3";2;9;702;347
"спорт текст";2;11;16156;160
"спорт 96";2;8;816;139
"бог спорта";2;10;878;140
"спорт песни";2;11;40027;165
"спорт режим";2;11;19982;191
"спорт анал";2;10;1269;265
"скачки спорт";2;12;842;140
"пожарный спорт";2;14;12645;140
"компьютерный спорт";2;18;3539;138
"плейн спорт";2;11;846;139
"снг спорт";2;9;1458;141
"панда спорт";2;11;959;207
"нева спорт";2;10;510;140
"падль спорт";2;11;142;140
"4на4 спорт";2;10;187;138
"спорт россия";2;12;136588;225
"мс спорт";2;8;1545;143
"элит спорт";2;10;3175;166
"спорт трек";2;10;5380;177
"питер спорт";2;11;2696;142
"анал спорт";2;10;1288;293
"спорт жаңалықтары";2;17;266;137
"пилон спорт";2;11;1231;157
"спорт руль";2;10;7334;149
"буерный спорт";2;13;363;137
"м спорт";2;7;15002;136
"спорт иваново";2;13;14653;170
"спорт су";2;8;794;157
"спорт премьер";2;13;3232;471
"дети спорт";2;10;121305;583
"спорт уик";2;9;1968;134
"спорт рф";2;8;31149;146
"делла спорт";2;11;151;134
"кумук спорт";2;11;151;134
"бег спорт";2;9;10621;262
"атака спорт";2;11;694;135
"спорт плавание";2;14;21939;473
"где спорт";2;9;49352;140
"центр спорта";2;12;47267;132
"порнуха спорт";2;13;471;151
"автомодельный спорт";2;19;579;132
"гала спорт";2;10;991;134
"занимайтесь спортом";2;19;297328;132
"спорт луховицы";2;14;415;134
"путин спорт";2;11;3882;136
"спорт баскетбол";2;15;16325;151
"ода спорту";2;10;1382;131
"премиум спорт";2;13;1745;136
"раскраски спорт";2;15;6992;135
"спорт орел";2;10;3818;145
"файнд спорт";2;11;146;130
"экстрим спорт";2;13;4142;460
"мари спорт";2;10;809;131
"спорт сфу";2;9;976;251
"стриминг спорт";2;14;316;140
"спорт моршанск";2;14;328;128
"дмитров спорт";2;13;877;140
"спорт индустрия";2;15;2144;128
"нова спорт";2;10;29377;129
"шахматы спорт";2;13;7950;159
"приложение спорт";2;16;27374;164
"спорт рязань";2;12;7663;141
"ставка спорт";2;12;193916;187
"флеш спорт";2;10;585;128
"каталог спорт";2;13;82866;179
"уличный спорт";2;13;2262;126
"спорт армении";2;13;2166;126
"спорт алтай";2;11;1465;428
"презентация спорт";2;17;28892;222
"нарисовать спорт";2;16;4743;153
"мастера спорта";2;14;172461;127
"спорт сочинение";2;15;20199;166
"тд спорт";2;8;1063;128
"кино спорт";2;10;8002;187
"университет спорта";2;18;15079;125
"песня спорт";2;11;40019;221
"виктория спорт";2;14;1687;124
"олимп спорт";2;11;4655;225
"смотрим спорт";2;13;106601;125
"спорт тоша";2;10;830;131
"спорт форум";2;11;11305;143
"спорт xxx";2;9;720;281
"верховина спорт";2;15;707;123
"салехард спорт";2;14;548;153
"гей спорт";2;9;5058;129
"спорт пойнт";2;11;309;122
"спорт банк";2;10;1776;122
"луч спорт";2;9;568;124
"сфу спорт";2;9;976;251
"мотоциклетный спорт";2;19;1399;121
"свс спорт";2;9;1640;121
"манга спорт";2;11;1552;125
"спорт лесби";2;11;2631;471
"спорт слепых";2;12;3336;119
"физкульт спорт";2;14;576;124
"ветеранский спорт";2;17;275;120
"эмблема спорт";2;13;3580;183
"фальшион спорта";2;15;144;119
"аэрософт спорт";2;14;140;120
"спорт беларуси";2;14;10224;119
"спорт ин";2;8;1690;164
"сандово спорт";2;13;221;125
"коса спорт";2;10;937;119
"открой спорт";2;12;7698;117
"вокруг спорта";2;13;25182;120
"мегаполис спорт";2;15;2364;117
"ритм спорта";2;11;1248;117
"румос спорт";2;11;376;117
"спорт кп";2;8;1089;342
"спорт янаул";2;11;137;116
"спорт 25";2;8;5301;126
"каменск спорт";2;13;1760;159
"пол спорт";2;9;4886;115
"азимут спорт";2;12;1014;193
"спорт добавки";2;13;5255;118
"важность спорта";2;15;1560;114
"правопорядок спорт";2;18;197;114
"спорт эро";2;9;869;329
"кроссворд спорт";2;15;16576;134
"иконки спорт";2;12;1069;137
"дк спорт";2;8;932;114
"лига спорт";2;10;8238;324
"сокерстен спорт";2;15;113;113
"спорт 76";2;8;629;113
"джома спорт";2;11;340;113
"геометрия спорта";2;16;622;113
"спорт хобби";2;11;4130;205
"спорт бег";2;9;10026;235
"дзен спорт";2;10;5731;190
"олимпийский спорт";2;17;87777;116
"спорт кост";2;10;287;112
"мос спорт";2;9;823;117
"фора спорт";2;10;1957;132
"спорт лото";2;10;12500;269
"городок спорт";2;13;956;113
"спорт приз";2;10;1753;110
"гриф спорт";2;10;826;117
"уз спорт";2;8;6637;1718
"эстетика спорта";2;15;1250;109
"спорт зона";2;10;3928;112
"спорт фитнес";2;12;15959;224
"фитнес спорт";2;12;15957;215
"спорт девушки";2;13;32948;170
"спорт парк";2;10;6726;115
"тайгер спорт";2;12;964;108
"занимаюсь спортом";2;17;297328;113
"ютуб спорт";2;10;5972;181
"эмблема спорта";2;14;3579;107
"яхтенный спорт";2;14;439;107
"торрент спорт";2;13;3259;131
"алт спорт";2;9;212;107
"рыболовный спорт";2;16;4361;106
"эра спорта";2;10;1778;106
"ас спорт";2;8;708;110
"ногай спорт";2;11;116;106
"18 спорт";2;8;11197;593
"спорт fm";2;8;329;106
"спорт купе";2;10;2578;108
"к2 спорт";2;8;754;105
"спорт фильм";2;11;118647;297
"хот спорт";2;9;800;105
"бридж спорт";2;11;791;110
"фиджитал спорту";2;15;4595;104
"хонда спорт";2;11;2352;109
"оккервиль спорт";2;15;206;105
"прогноз спорта";2;14;107589;103
"гэльский спорт";2;14;197;104
"сиськи спорт";2;12;2381;134
"спорт туралы";2;12;3101;103
"спорт инвентарь";2;15;6279;109
"спорт борьба";2;12;16555;823
"спорт итог";2;10;2728;103
"хештеги спорт";2;13;579;115
"риккер спорт";2;12;158;103
"спорт ресифи";2;12;565;103
"урбан спорт";2;11;558;103
"мира спорт";2;10;62882;134
"водномоторный спорт";2;19;373;103
"занимаешься спортом";2;19;297328;122
"лук спорт";2;9;3732;115
"логотип спорт";2;13;3718;171
"индиго спорт";2;12;403;105
"шевроле спорт";2;13;1429;112
"мажорет спорт";2;13;304;107
"спорт сила";2;10;13834;112
"спорт голые";2;11;13691;359
"спорт презентация";2;17;29274;221
"рузский спорт";2;13;286;101
"летний спорт";2;12;20038;108
"саф спорт";2;9;200;101
"эротический спорт";2;17;780;103
"аполло спорт";2;12;330;101
"планерный спорт";2;15;762;101
"мотоцикл спорт";2;14;9944;267
"паралимпийский спорт";2;20;3096;100
"спорт касио";2;11;254;108
"каким спортом";2;13;281670;101
"спорт дата";2;10;3524;101
"хайастан спорт";2;14;106;101
"гимн спорта";2;11;1555;100
"спорт кампус";2;12;225;148
"ведомости спорт";2;15;308;100
"комета спорт";2;12;481;101
"кудо спорт";2;10;1733;124
"спорт синонимы";2;14;1719;113
"занимайся спортом";2;17;297328;103
"понятие спорт";2;13;5015;125
"спорт гимнастика";2;16;25377;141
"спорт индекс";2;12;680;99
"4 спорт";2;7;56738;135
"кирова спорт";2;12;8727;103
"trial спорт";2;11;159;99
"вектор спорт";2;12;2041;311
"шоколад спорт";2;13;16783;124
"спорт песня";2;11;40019;221
"бокс спорт";2;10;27029;1762
"рено спорт";2;10;1366;100
"волейбол спорт";2;14;24508;273
"спорт олимп";2;11;4645;224
"чеклайв спорт";2;13;98;98
"ронин спорт";2;11;202;97
"спорт бенди";2;11;612;257
"кинологический спорт";2;20;831;97
"спорт приорити";2;14;135;97
"спорт дэпо";2;10;130;97
"лыжные спорт";2;12;150531;96
"обнаженный спорт";2;16;498;97
"соло спорт";2;10;780;105
"аякс спорт";2;10;357;96
"спорт иконка";2;12;1041;182
"рейсер спорт";2;12;464;97
"теннис спорт";2;12;28671;482
"спорт тольятти";2;14;7900;105
"спорт пицца";2;11;449;97
"рыбинский спорт";2;15;201;96
"метафора спорта";2;15;428;96
"спорт про";2;9;194386;1557
"спорт сайт";2;10;172733;169
"спорт кэжуал";2;12;495;105
"вешки спорт";2;11;306;95
"урал спорт";2;10;1623;164
"россия спорт";2;12;134722;231
"4ч4 спорт";2;9;108;99
"викторина спорт";2;15;6678;154
"спорт засветы";2;13;4902;175
"км спорт";2;8;3489;95
"спорт кемерово";2;14;6103;113
"терра спорт";2;11;687;96
"спорт хантер";2;12;373;93
"атланта спорт";2;13;2917;93
"спорт стар";2;10;5497;97
"спорт скачать";2;13;89797;279
"42 спорт";2;8;5058;2114
"группа спорт";2;12;51868;113
"москвич спорт";2;13;1185;100
"спорт ссср";2;10;18984;128
"форвард спорт";2;13;599;93
"ника спорт";2;10;2457;96
"засветы спорт";2;13;4707;189
"кинаши спорт";2;12;9289;91
"бст спорт";2;9;264;97
"спорт фуд";2;9;348;98
"клифф спорт";2;11;243;91
"коломяги спорт";2;14;242;92
"хобби спорт";2;11;4197;201
"гольф спорт";2;11;1982;97
"аква спорт";2;10;974;99
"ниссан спорт";2;12;2379;104
"спорт тест";2;10;20988;166
"аутлендер спорт";2;15;1873;90
"спорт уанкайо";2;13;1841;91
"алл спорт";2;9;367;90
"пдф спорт";2;9;653;150
"харламов спорт";2;14;559;90
"спорт сетка";2;11;2107;103
"гранд спорт";2;11;4196;100
"коный спорт";2;11;467;89
"физиология спорта";2;17;1788;89
"лексус спорт";2;12;1734;92
"кумык спорт";2;11;174;89
"спорт саратов";2;13;13408;117
"легенды спорта";2;14;4121;88
"спорт телепрограмма";2;19;10691;300
"ав спорт";2;8;1870;90
"спорт ориентирование";2;20;1812;100
"ооо спорт";2;9;8905;87
"фестиваль спорта";2;16;7571;87
"артра спорт";2;11;127;88
"сноуборд спорт";2;14;4992;116
"фольксваген спорт";2;17;1558;90
"спорт стрелок";2;13;957;89
"символ спорта";2;13;1759;87
"пасторелли спорт";2;16;143;87
"спорт б";2;7;12787;93
"спорт мир";2;9;64507;101
"кордиант спорт";2;14;5307;86
"спорт вк";2;8;11525;162
"судомодельный спорт";2;19;1178;86
"ока спорт";2;9;2374;94
"спорт фит";2;9;972;101
"спорт вязники";2;13;430;110
"уфо спорт";2;9;281;86
"спорт ru";2;8;12440;85
"минск спорт";2;11;11823;97
"дело спорт";2;10;7667;95
"спорт матчи";2;11;15834;95
"алюр спорт";2;10;1359;90
"сириус спорт";2;12;1131;134
"спорт дзен";2;10;5928;190
"кидс спорт";2;10;722;166
"футаж спорт";2;11;557;104
"спорт армения";2;13;2166;121
"альта спорт";2;11;542;85
"трах спорт";2;10;463;140
"новини спорту";2;13;149;85
"цель спорта";2;11;14247;85
"спорт питания";2;13;27631;84
"спорт журнал";2;12;21691;125
"заняться спортом";2;16;297329;88
"спорт мотоциклы";2;15;9938;134
"спорт 9";2;7;16747;84
"субару спорт";2;12;1573;90
"пакет спорт";2;11;1524;102
"спорт юниверс";2;13;276;84
"спорт клипарт";2;13;505;114
"романово спорт";2;14;502;84
"спорт нагишом";2;13;163;84
"музыка спорта";2;13;55803;83
"самбо спорт";2;11;8457;150
"леон спорт";2;10;4265;95
"технологии спорта";2;17;11450;83
"аис спорт";2;9;2693;85
"спорт 71";2;8;953;83
"ривер спорт";2;11;818;84
"титан спорт";2;11;625;85
"нордик спорт";2;12;911;370
"спорт профф";2;11;234;84
"костюковка спорт";2;16;143;84
"спорт класс";2;11;76932;84
"спорт дзюдо";2;11;8046;153
"индустрия спорта";2;16;2204;82
"драйв спорт";2;11;5353;753
"атлас спорт";2;11;1509;86
"армани спорт";2;12;1127;82
"доступный спорт";2;15;1417;82
"вайлд спорт";2;11;315;83
"спорт нск";2;9;296;83
"альпина спорт";2;13;327;82
"регион спорт";2;12;2280;101
"спорт пермь";2;11;20536;99
"культура спорта";2;15;203023;81
"ткани спорт";2;11;2694;90
"спорт раскраска";2;15;6800;263
"спорт 54";2;8;1237;81
"спорт оптом";2;11;1983;81
"спорт рядом";2;11;6304;83
"иконка спорт";2;12;1069;190
"спорт резорт";2;12;257;81
"спорт детям";2;11;113975;81
"будо спорт";2;10;270;81
"спорт мото";2;10;3689;91
"ворота спорт";2;12;1441;80
"спорт сом";2;9;665;158
"виктори спорт";2;13;317;80
"спорт воронеж";2;13;12260;93
"спорт цитата";2;12;16360;134
"спорт тверь";2;11;6886;812
"спорт расписание";2;16;26219;94
"спорт краснодар";2;15;13897;97
"формула спорта";2;14;1847;79
"спорт объединяет";2;16;1819;79
"спорт ответ";2;11;51865;80
"актуальность спорта";2;19;2116;79
"трекинг спорт";2;13;251;81
"суспільне спорт";2;15;296;79
"спринтер спорт";2;14;359;87
"мировой спорт";2;13;3657;81
