"Ключевое слово";"Слов";"Символов";"Частотность Весь мир";"""!Частотность !Весь !мир"""
"новости";1;7;73693868;8081722
"турция новости";2;14;1501108;188277
"последние новости";2;17;16308902;257017
"новости украины";2;15;6406829;770525
"новости дня";2;11;979884;248950
"новости мира";2;12;5550715;283798
"рамблер новости";2;15;303339;195216
"дзен новости";2;12;3379364;1569648
"риа новости";2;11;913421;618451
"новости россии";2;14;8030662;1024366
"новости последние";2;17;16178227;257188
"новости дзен";2;12;3414596;1587310
"новости яндекс";2;14;2920148;1031808
"новости рамблер";2;15;303901;195662
"яндекс новости";2;14;2926430;1017954
"новости сегодня";2;15;21698338;1934175
"новости турция";2;14;1453554;184872
"новости главные";2;15;1152505;101000
"новости украина";2;15;6406851;110839
"новости костомаров";2;18;3455100;121257
"украина новости";2;15;6350220;109146
"костомаров новости";2;18;3254036;114035
"главные новости";2;15;1154860;101682
"новости рбк";2;11;217842;158823
"новости свободный";2;17;163426;115126
"новости саратова";2;16;315770;137224
"новости беларуси";2;16;266645;111907
"новости новороссии";2;18;268630;163380
"рбк новости";2;11;216315;157572
"лента новостей";2;14;1245544;107043
"новости турции";2;14;1453554;124218
"новости спорта";2;14;378116;183409
"новости армении";2;15;191833;95927
"майл новости";2;12;163163;55769
"новости воронежа";2;16;202396;67953
"новости стархит";2;15;189216;71048
"новости рязани";2;14;195062;63618
"новости крыма";2;13;192663;69914
"новости брянска";2;15;182530;57343
"новости спецоперации";2;20;769068;82603
"новости белгорода";2;17;321321;70678
"новости азербайджана";2;20;195332;78387
"новости новокузнецка";2;20;110615;69177
"новости мк";2;10;176449;89900
"новости днр";2;11;260240;79839
"новости футбола";2;15;201897;61382
"стархит новости";2;15;194438;73815
"мк новости";2;10;176449;89900
"новости майл";2;12;163163;55769
"кхл новости";2;11;115478;43466
"интересные новости";2;18;112970;44183
"военные новости";2;15;431866;47827
"новости россия";2;14;8030662;43994
"новости екатеринбурга";2;21;208989;47026
"новости кхл";2;11;115478;43466
"свежие новости";2;14;3069345;53177
"белгород новости";2;16;316367;47303
"новости красноярска";2;19;145321;49328
"новости казахстана";2;18;135430;46149
"включи новости";2;14;186546;55361
"новости тулы";2;12;132142;51528
"россия новости";2;14;7935161;43871
"новости белгород";2;16;321321;48383
"новости волгограда";2;18;190744;55548
"новости тольятти";2;16;94806;41179
"медуза новости";2;14;48847;32146
"новости саратов";2;15;315771;33369
"новости ульяновска";2;18;109838;35971
"саратов новости";2;15;308924;32780
"новости самара";2;14;128937;35171
"тульские новости";2;16;105358;32303
"новости донбасса";2;16;267919;38258
"новости мма";2;11;54804;35744
"мировые новости";2;15;113338;37086
"новости молдовы";2;15;87443;34553
"новости томск";2;13;109528;38434
"новости израиля";2;15;114908;38021
"новости тюмени";2;14;101002;32388
"нгс новости";2;11;79186;36045
"новости спб";2;11;158090;39603
"азербайджан новости";2;19;194501;31788
"новости таджикистана";2;20;72104;28220
"новости балаково";2;16;54915;28709
"новости лнр";2;11;156101;29331
"новости аств";2;12;57537;28494
"новости ярославля";2;17;91602;29113
"царьград новости";2;16;143786;28226
"новости е1";2;10;124391;30302
"новости чувашии";2;15;74481;29279
"новости севастополя";2;19;87816;29907
"аств новости";2;12;58965;29105
"новости иваново";2;15;72110;30840
"новости новосибирска";2;20;170768;29957
"новости пенза";2;13;100237;28275
"новости фронта";2;14;1024893;29800
"е1 новости";2;10;127322;31213
"новости оренбурга";2;17;89861;27472
"новости иркутск";2;15;74361;23645
"новости калининграда";2;20;87305;24793
"новости астрахани";2;17;72354;25786
"новости бокса";2;13;61651;24743
"новости бурятии";2;15;74137;25218
"новости москвы";2;14;321854;23697
"воронеж новости";2;15;205412;26641
"новости твери";2;13;73047;25342
"новости сочи";2;12;71084;26263
"новости новороссийска";2;21;63136;25148
"новости уфы";2;11;127113;26803
"новости воронеж";2;15;202396;26395
"новости нхл";2;11;44653;24548
"какие новости";2;13;135882;26110
"армения новости";2;15;192334;27194
"новости омска";2;13;146384;23621
"новости смоленска";2;17;72602;20985
"новости гродно";2;14;45481;21149
"новости кострома";2;16;56297;22473
"бнкоми новости";2;14;27758;21079
"бахмут новости";2;14;231930;21470
"новости челябинска";2;18;104193;21023
"новости биатлона";2;16;80745;22928
"новости брянск";2;14;182530;22263
"нтв новости";2;11;127239;22840
"иран новости";2;12;74964;21412
"новости сми";2;11;140617;23056
"новости нтв";2;11;128017;22924
"новости киева";2;13;135720;21047
"орловские новости";2;17;46765;22619
"новости кемерово";2;16;49598;23618
"зеленский новости";2;17;148490;20918
"тасс новости";2;12;39877;19147
"новости войны";2;13;1032658;19593
"сво новости";2;11;538940;20061
"новости курска";2;14;141712;19479
"новости бреста";2;14;49217;19803
"новости тенниса";2;15;79163;19181
"курск новости";2;13;141712;20551
"новости киров";2;13;92108;19952
"взгляд новости";2;14;107105;20526
"сми2 новости";2;12;69459;19793
"новости зеленский";2;17;146078;20626
"новости курск";2;13;141712;20551
"новости донецка";2;15;101606;19187
"новости мелитополя";2;18;58599;20147
"униан новости";2;13;102887;20902
"новости узбекистана";2;19;46331;19057
"новости перми";2;13;98125;17280
"новости таганрога";2;17;47641;17858
"новости омск";2;12;146384;18085
"волгоград новости";2;17;195852;17766
"новости часа";2;12;897615;17930
"новости волгоград";2;17;190744;17326
"новости вологды";2;15;60524;18707
"снукер новости";2;14;33885;18071
"новости шахты";2;13;42907;18450
"новости онлайн";2;14;775046;17858
"спортбокс новости";2;17;42324;18819
"новости херсона";2;15;75307;18647
"новости липецка";2;15;103263;17637
"новости сахалина";2;16;69363;18112
"путин новости";2;13;135445;18862
"новости хоккея";2;14;53308;17243
"мобилизация новости";2;19;298379;15856
"украинские новости";2;18;97084;16347
"новости юфс";2;11;29157;16704
"рязань новости";2;14;191584;16321
"новости подоляка";2;16;1317967;16442
"новости кыргызстана";2;19;36913;15904
"новости орел";2;12;57042;17128
"новости грузии";2;14;53215;16653
"новости башкортостана";2;21;81155;16891
"новости калуги";2;14;78745;16348
"новости чита";2;12;136340;17132
"новости лента";2;13;1245543;16980
"новости череповца";2;17;43809;16206
"новости владимира";2;17;105089;16810
"новости татарстана";2;18;106842;17150
"новости дагестана";2;17;48986;15580
"новости 24";2;10;367312;14358
"миасс новости";2;13;25475;14771
"новости тамбова";2;15;59198;15134
"новости краснодара";2;18;59332;14671
"новости сша";2;11;72296;15015
"новости коми";2;12;39834;14361
"новости казани";2;14;77801;15564
"новости харькова";2;16;90195;15059
"новости игр";2;11;63865;15477
"новости москва";2;14;321862;14981
"брянские новости";2;16;103188;15568
"теннис новости";2;14;74057;15563
"новости стерлитамака";2;20;28854;14660
"киев новости";2;12;134224;15426
"сахком новости";2;14;30254;15578
"артемовск новости";2;17;157684;14278
"биатлон новости";2;15;79195;12685
"игровые новости";2;15;19904;13282
"израиль новости";2;15;114456;13562
"новости красноярск";2;18;145320;13191
"новости первоуральска";2;21;25808;13558
"новости архангельска";2;20;37184;12734
"новости рф";2;10;113562;14046
"смотреть новости";2;16;545809;13561
"новости политики";2;16;87403;13574
"новости кургана";2;15;69650;13318
"новости хакасии";2;15;41109;14213
"плохие новости";2;14;74406;13722
"срочные новости";2;15;114700;12805
"новости керчи";2;13;40338;13567
"угледар новости";2;15;162766;14255
"новости шоу";2;11;710982;12639
"новости запорожья";2;17;51837;11098
"новости самары";2;14;128937;11462
"новости мобилизации";2;19;298379;11786
"новости одессы";2;14;63824;11421
"новости новочеркасска";2;21;26500;11682
"новости чебоксары";2;17;44363;11139
"новости луганска";2;16;46572;12182
"новости сызрани";2;15;72654;11684
"новости кино";2;12;22471;11965
"зеркало новости";2;15;20780;11547
"новости мариуполя";2;17;56751;12547
"все новости";2;11;73428439;12005
"новости главное";2;15;1152506;11253
"новости владивостока";2;20;42975;11889
"новости белоруссии";2;18;44535;12611
"спорт новости";2;13;380344;11027
"новости туризма";2;15;22739;9608
"новости барнаула";2;16;86866;10039
"новости пмр";2;11;15531;10134
"новости мордовии";2;16;63954;10006
"новости серпухова";2;17;31186;10082
"новости европы";2;14;47731;9689
"русвесна новости";2;16;16697;10774
"новости волгодонска";2;19;30891;10086
"новости калмыкии";2;16;19783;10335
"новости коломны";2;15;23876;10040
"новости хабаровска";2;18;36258;10820
"новости сургута";2;15;24458;10564
"новости якутии";2;14;31360;9870
"новости сейчас";2;14;611591;10245
"дзэн новости";2;12;19497;10911
"новости 1";2;9;552194;9375
"новости энгельса";2;16;25502;9271
"новости вольска";2;15;26548;9159
"новости сверхдержавы";2;20;15473;9032
"новости абхазии";2;15;25546;8984
"новости экономики";2;17;40134;8980
"новости ижевска";2;15;67354;8598
"новости бердянска";2;17;25681;8434
"новость";1;7;73693888;5868
"новостей";1;8;73704147;1927
"новости ру";2;10;970429;8139
"новости златоуста";2;17;16871;7747
"новости волжского";2;17;23715;10918
"новости петрозаводска";2;21;39308;8373
"днр новости";2;11;259903;79385
"новости взгляд";2;14;105901;20181
"мма новости";2;11;54804;35744
"новости зеленограда";2;19;15205;7179
"вк новости";2;10;276016;11478
"новости германии";2;16;27750;7450
"новости магнитогорска";2;21;44469;8299
"землетрясение новости";2;21;400888;12651
"новости ирана";2;13;75199;7437
"новости витебска";2;16;17451;6696
"гугл новости";2;12;21081;9089
"нхл новости";2;11;44786;24623
"пенза новости";2;13;99625;28063
"новости обнинска";2;16;19933;7647
"ютуб новости";2;12;191878;11153
"новости елец";2;12;56544;9742
"интерфакс новости";2;17;10669;7054
"новости беларусь";2;16;266490;9281
"новости рыбинска";2;16;23726;6672
"новости миасс";2;13;25475;14771
"новости камышина";2;16;22244;7627
"новости мурманска";2;17;29341;6897
"новости рб";2;10;21935;7740
"новости томска";2;14;109528;6449
"новости нижневартовска";2;22;14534;5712
"воронежские новости";2;19;61458;5722
"новости ополчения";2;17;28063;5708
"спецоперация новости";2;20;762210;9121
"новости туркменистана";2;21;12066;5544
"харьков новости";2;15;91735;10155
"новости сыктывкара";2;18;20841;4853
"новости димитровграда";2;21;24236;7102
"новости березники";2;17;15513;6738
"новости путин";2;13;135846;18978
"москва новости";2;14;321862;14981
"новости кузбасса";2;16;17702;5380
"новости тасс";2;12;39750;19170
"лента новости";2;13;1245543;16980
"брянск новости";2;14;184157;22566
"необычные новости";2;17;10361;8629
"химки новости";2;13;44226;8101
"новости бахмута";2;15;237875;8173
"новости политика";2;16;87403;10070
"новости культуры";2;16;34257;6850
"новости бугуруслана";2;19;13319;4966
"севастополь новости";2;19;87667;7981
"новости шебекино";2;16;25625;7371
"чита новости";2;12;136637;17176
"новости удмуртии";2;16;56298;6064
"самара новости";2;14;126677;34545
"мелитополь новости";2;18;58599;8943
"новости рязань";2;14;195062;16411
"новости камчатки";2;16;19756;7069
"новости униан";2;13;102696;20603
"новости иркутска";2;16;74361;6831
"новости анапы";2;13;26654;8145
"голые новости";2;13;16872;7161
"балашовер новости";2;17;13617;6988
"рт новости";2;10;26034;10028
"новости назарово";2;16;22838;5807
"новости бахмут";2;14;237875;21865
"иваново новости";2;15;74282;31736
"новости николаева";2;17;85147;4956
"приднестровье новости";2;21;34448;7676
"юфс новости";2;11;29383;16902
"новости гомеля";2;14;31705;7043
"сочи новости";2;12;73194;26789
"уфа новости";2;11;129770;10059
"сми новости";2;11;139557;22704
"новости могилева";2;16;21231;7811
"новости кирова";2;14;94838;5809
"новости криптовалют";2;19;25599;7805
"новости нгс";2;11;79186;36045
"росбалт новости";2;15;17709;8822
"новости сарова";2;14;21401;4592
"новости новосибирск";2;19;170768;13525
"новости землетрясение";2;21;413179;13110
"новости война";2;13;1032658;9243
"новости сво";2;11;536041;20414
"калуга новости";2;14;79163;12534
"новости соцсетей";2;16;64759;5798
"новости ростова";2;15;128975;4817
"новости смоленск";2;16;72602;8670
"светские новости";2;16;23781;7663
"новости тюмень";2;14;101003;9685
"новости макеевки";2;16;26944;5332
"известия новости";2;16;32545;9028
"новости коврова";2;15;16622;6162
"китай новости";2;13;48335;8127
"осторожно новости";2;17;11595;4932
"новости снукера";2;15;32281;5965
"новости пскова";2;14;27272;5968
"таджикистан новости";2;19;72781;8196
"новости происшествия";2;20;502681;6116
"новости карелии";2;15;34610;5779
"новости спартака";2;16;100252;4927
"новости дзена";2;13;3414596;5373
"новости китая";2;13;49481;5790
"донбасс новости";2;15;269538;7203
"новости горловки";2;16;21004;5463
"новости пензы";2;13;100237;5954
"спортивные новости";2;18;53002;7015
"политика новости";2;16;86890;9949
"новости польши";2;14;24901;4801
"новости угледара";2;16;168957;5196
"новости 2021";2;12;30035;5169
"новости приморья";2;16;12683;5461
"новости тобольска";2;17;13903;5166
"новости нба";2;11;10467;7680
"новости симферополя";2;19;24012;4677
"омск новости";2;12;145039;17893
"киров новости";2;13;94486;20676
"новости липецк";2;14;103263;8412
"новости челси";2;13;11241;5735
"новости бтс";2;11;41449;9087
"новости пермь";2;13;98125;10152
"сша новости";2;11;73060;15141
"новости крым";2;12;192663;10587
"политнавигатор новости";2;22;27852;6691
"новости киев";2;12;133097;15361
"херсон новости";2;14;74194;8589
"новости рт";2;10;26042;10039
"сызрань новости";2;15;72615;7092
"новости артемовска";2;18;160720;7209
"новосибирск новости";2;19;170768;13525
"новости яндекса";2;15;2920148;7000
"бокс новости";2;12;61466;6955
"новости финляндии";2;17;14841;5153
"ульяновск новости";2;17;115019;10453
"молдова новости";2;15;87450;6426
"хорошие новости";2;15;90939;5028
"новости звезд";2;13;65762;6502
"крым новости";2;12;192663;10587
"новости саранска";2;16;58193;6942
"новости вк";2;10;274658;11586
"новости уфа";2;11;127193;9845
"подоляка новости";2;16;1317967;16442
"новороссийск новости";2;20;63136;8996
"новости читы";2;12;136339;4586
"новости ставрополь";2;18;22041;6337
"тюмень новости";2;14;100631;9627
"новости кипра";2;13;15948;5569
"новости тула";2;12;132142;10229
"тула новости";2;12;131338;10259
"томск новости";2;13;110107;38626
"пермь новости";2;13;96879;10085
"новости приднестровья";2;21;29248;5310
"футбол новости";2;14;202872;6209
"одесса новости";2;14;62461;6330
"азербайджанские новости";2;23;8291;4221
"новости антимайдана";2;19;26699;5398
"криминальные новости";2;20;93642;4794
"новости иран";2;12;75199;21484
"новости калуга";2;14;78745;12449
"кременная новости";2;17;58321;6765
"новости науки";2;13;20122;4992
"ивановские новости";2;18;25481;4052
"радио новости";2;13;49885;5686
"читать новости";2;14;726146;6683
"новости чехова";2;14;22336;4982
"тв новости";2;10;210381;7249
"новости благовещенска";2;21;29956;4039
"коммерсант новости";2;18;21450;8210
"мариуполь новости";2;17;56751;6472
"новости братска";2;15;21834;4348
"новости башкирии";2;16;19103;4211
"новости мобилизация";2;19;298379;15856
"новости ялты";2;12;10336;3882
"новости болгарии";2;16;14094;4028
"новости артемовск";2;17;160720;14353
"новости эстонии";2;15;10199;3809
"новости череповец";2;17;43809;6435
"новости барнаул";2;15;86866;5709
"новости киргизии";2;16;9179;3921
"челябинск новости";2;17;105742;7456
"бтс новости";2;11;41875;9050
"рио новости";2;11;12053;4126
"новости бийска";2;14;11955;4098
"новости ульяновск";2;17;109838;9704
"новости херсон";2;14;75307;8719
"новости коммерсант";2;18;21358;8181
"новости свежие";2;14;3086405;53445
"пугачева новости";2;16;162628;4676
"новости тагила";2;14;125110;3795
"первоуральск новости";2;20;25323;4854
"новости феодосии";2;16;10578;4415
"омские новости";2;14;60280;3167
"новости астрахань";2;17;72354;8284
"астрахань новости";2;17;73308;8419
"новости оренбург";2;16;89861;7513
"новости ейска";2;13;12909;4010
"байден новости";2;14;24719;5613
"твериград новости";2;17;8388;4028
"иркутск новости";2;15;74639;23810
"новости впк";2;11;5979;3235
"новости туапсе";2;14;10067;3972
"новости мир";2;11;5550715;4004
"новости батайска";2;16;8635;4237
"курган новости";2;14;69650;6346
"yandex новости";2;14;35913;4561
"новости мелитополь";2;18;58599;8943
"таганрог новости";2;16;48401;5148
"война новости";2;13;1039707;9334
"регнум новости";2;14;8951;4386
"новости днепра";2;14;17726;4097
"город48ру новости";2;17;7941;4171
"новости ижевск";2;14;67354;6029
"новости новоуральска";2;20;9341;4166
"туапсе новости";2;14;29271;10777
"новости ua";2;10;21862;4227
"невские новости";2;15;9188;3467
"сирия новости";2;13;68008;4457
"лерчек новости";2;14;10536;4510
"новости ярославль";2;17;91602;7037
"новости мичуринска";2;18;8380;3524
"серпухов новости";2;16;30793;3772
"новости турдизи";2;15;15952;4167
"новости царьград";2;16;142758;28165
"новости краснодар";2;17;59332;5697
"новости арцаха";2;14;12170;3246
"новости глазова";2;15;14646;3189
"новости чехии";2;13;8894;3602
"новости зенита";2;14;22222;3403
"новости тверь";2;13;73047;6360
"сильные новости";2;15;20705;4082
"липецкие новости";2;16;22490;3517
"новости котласа";2;15;12147;3771
"новости челябинск";2;17;104193;7245
"новости ингушетии";2;17;13501;3774
"нба новости";2;11;10467;7680
"ф1 новости";2;10;7079;5631
"кострома новости";2;16;56725;22713
"новости нижнекамска";2;19;16174;3910
"транспондерные новости";2;22;9607;3910
"вконтакте новости";2;17;191526;7047
"екатеринбург новости";2;20;213260;6700
"новости балашова";2;16;11981;3092
"оренбург новости";2;16;89335;7546
"новости борисоглебска";2;21;15553;3046
"новости северодвинска";2;21;11581;4147
"новости караганды";2;17;6909;4063
"новости тамбов";2;14;59278;6792
"новости новокуйбышевска";2;23;9080;3090
"новости муром";2;13;11958;4428
"новости хмао";2;12;13671;3177
"спартак новости";2;15;98365;3878
"новости вконтакте";2;17;190968;7100
"курские новости";2;15;107655;4147
"новости теткино";2;15;9354;4477
"аиф новости";2;11;12567;4216
"новости угледар";2;15;168957;15634
"грузия новости";2;14;53039;5121
"анапа новости";2;13;26634;5707
"костанайские новости";2;20;5942;3693
"астраханские новости";2;20;16418;4062
"спутниковые новости";2;19;13207;3565
"смоленск новости";2;16;71010;8450
"новости телеграмм";2;17;166641;4768
"новости латвии";2;14;10807;3753
"новороссия новости";2;18;268630;4291
"российские новости";2;18;73594;4207
"новости нефтекамска";2;19;8425;3387
"новости екатеринбург";2;20;208989;6665
"новости ачинск";2;14;14771;4907
"новости сирии";2;13;67827;3302
"тамбов новости";2;14;58075;6681
"новости бердска";2;15;12158;3224
"новости смотреть";2;16;545546;13428
"новости калининград";2;19;87305;5954
"красноярск новости";2;18;145320;13191
"новости ufc";2;11;6695;4441
"калужские новости";2;17;41769;3283
"липецк новости";2;14;103263;8412
"новости таджикистан";2;19;72104;8100
"купянск новости";2;15;29356;4876
"тверь новости";2;13;73559;6513
"новости рубцовска";2;17;7354;3622
"новости тв";2;10;210671;7230
"казахстан новости";2;17;135519;4072
"ria новости";2;11;11239;3267
"балаково новости";2;16;55451;29189
"репортер новости";2;16;8542;3686
"овечкин новости";2;15;16454;3282
"новости евпатории";2;17;9320;3077
"новости космоса";2;15;9321;3218
"орт новости";2;11;18951;5419
"крипто новости";2;14;5387;3681
"новости видео";2;13;432729;5478
"новости новозыбкова";2;19;14172;3492
"запорожье новости";2;17;54456;5672
"выкса новости";2;13;19398;5512
"томские новости";2;15;18309;3551
"новости китай";2;13;49481;8387
"донецк новости";2;14;100161;5261
"новости слуцка";2;14;7874;3113
"еадейли новости";2;15;6207;3648
"ярославль новости";2;17;91360;7083
"казань новости";2;14;78283;5952
"новости первый";2;14;252662;3476
"новости фигурного";2;17;194556;3309
"новости тувы";2;12;19579;3310
"новости подмосковья";2;19;13778;2878
"беларусь новости";2;16;263734;9182
"рядовка новости";2;15;6023;3440
"калининград новости";2;19;87617;6012
"новости рестлинга";2;17;3158;2952
"стамбул новости";2;15;22984;3954
"новости азова";2;13;12030;2791
"новости ютуб";2;12;191380;10854
"новости альметьевска";2;20;10064;2948
"прессбол новости";2;16;13285;3014
"новости костромы";2;16;56297;2788
"новости бузулука";2;16;7849;2977
"новости харьков";2;15;90363;9974
"новости краматорска";2;19;19387;2949
"новости 2";2;9;578404;3033
"новости курган";2;14;69650;6346
"новости военные";2;15;428505;47682
"расскажи новости";2;16;13687;2495
"экономические новости";2;21;19046;2606
"сербия новости";2;14;12051;3155
"новости алматы";2;14;8188;3504
"новости тайшет";2;14;33186;3221
"орел новости";2;12;56396;16939
"новости казань";2;14;77801;5922
"новости бобруйска";2;17;7474;2579
"новости якутска";2;15;24593;2903
"новости недвижимости";2;20;21540;2903
"фан новости";2;11;9756;3154
"минск новости";2;13;18781;3843
"газпром новости";2;15;18993;3417
"новости авиации";2;15;7942;2970
"новости львова";2;14;11453;2611
"новости сми2";2;12;68639;19406
"чебоксары новости";2;17;44947;11138
"новости ахтубинска";2;18;6270;2394
"новости зеркало";2;15;20893;11634
"новости чайковский";2;18;8796;2811
"онлайнер новости";2;16;6738;3603
"новости уа";2;10;13551;3187
"новости бежецка";2;15;6872;2575
"новости новороссийск";2;20;63136;8996
"я новости";2;9;74971400;3268
"новости саранск";2;15;58193;4595
"новости армавира";2;16;9700;2637
"новости козьмодемьянска";2;23;7379;2637
"новости франции";2;15;13621;2714
"звезда новости";2;14;65531;4657
"мэйл новости";2;12;7989;3635
"фонтанка новости";2;16;83908;4515
"новости питера";2;14;14579;2511
"новости телепередача";2;20;5598;2680
"новости про";2;11;562487;3751
"коронавирус новости";2;19;102108;3625
"новости известия";2;16;32445;9094
"кемерово новости";2;16;50111;23935
"германия новости";2;16;28927;3079
"коломна новости";2;15;24226;3791
"вольские новости";2;16;3855;2536
"зенит новости";2;13;22243;2781
"новости брест";2;13;49217;2891
"независимые новости";2;19;16119;3029
"япония новости";2;14;20461;3344
"комиинформ новости";2;18;3860;2681
"керчьнет новости";2;16;3861;2747
"dzen новости";2;12;61560;3833
"новости прокопьевска";2;20;8068;2566
"новости космонавтики";2;20;5122;2627
"новости ростов";2;14;131329;4549
"видео новости";2;13;432878;5493
"новости выксы";2;13;18788;2889
"новости орт";2;11;18950;5427
"белгородские новости";2;20;87986;2423
"новости новокузнецк";2;19;110615;5132
"политические новости";2;20;19501;2712
"обнинск новости";2;15;19829;3436
"новости владимир";2;16;105089;3366
"новости иносми";2;14;9355;3010
"стерлитамак новости";2;19;29052;3402
"новости литвы";2;13;9734;2565
"новости ухта";2;12;10608;3637
"народные новости";2;16;30375;2337
"новости вести";2;13;59414;4416
"сватово новости";2;15;40636;4637
"новости купянска";2;16;29356;2306
"ижевск новости";2;14;69967;6410
"мейл новости";2;12;6244;3686
"новости мариуполь";2;17;56751;6472
"новости читать";2;14;714049;6704
"белта новости";2;13;7891;3318
"новости италии";2;14;11553;2469
"новости химки";2;13;43703;8065
"новости хабаровск";2;17;36258;3935
"новости петербурга";2;18;68320;2354
"новости вязьма";2;14;9161;4677
"израильские новости";2;19;5875;2407
"новости салавата";2;16;41914;2523
"новости подоляко";2;16;62772;2708
"новости воркуты";2;15;10024;2377
"новости челны";2;13;45655;3754
"новости орла";2;12;57197;2258
"череповец новости";2;17;44762;6650
"новости арзамаса";2;16;8423;2326
"шахты новости";2;13;42858;18297
"новости шоубиза";2;15;6752;2258
"новости воскресенска";2;20;9403;2586
"вести новости";2;13;58884;4433
"новости кубани";2;14;18827;2405
"новости кременная";2;17;58321;6765
"пригожин новости";2;16;25236;2869
"новокузнецк новости";2;19;110615;5132
"новостей ударение";2;17;4691;2777
"эхо новости";2;11;12189;2431
"новости сербии";2;14;11823;2411
"новости лесосибирска";2;20;7240;2554
"порно новости";2;13;12443;3088
"новости армения";2;15;191833;26992
"новости нато";2;12;18178;4143
"кубанские новости";2;17;5620;2556
"настроить новости";2;17;10134;2249
"новости израиль";2;15;114913;13580
"тверские новости";2;16;26533;2440
"новости недели";2;14;84407;2328
"сахалинские новости";2;19;18944;2121
"новости медуза";2;14;48847;32146
"новости росси";2;13;5815;2240
"новости абакан";2;14;12008;2943
"новости нн";2;10;11648;2187
"новости бизнеса";2;15;745429;2276
"новости выкса";2;13;18788;5279
"новости греции";2;14;7801;2437
"новости кинешма";2;15;14106;3358
"луганск новости";2;15;46572;3622
"новости сумы";2;12;14896;4068
"новости асбеста";2;15;4971;2158
"краснодар новости";2;17;59332;5697
"аз новости";2;10;31824;3739
"зато новости";2;12;10914;2374
"новости 72";2;10;27084;2211
"новости анапа";2;13;26654;5763
"новости новошахтинска";2;21;5829;2092
"новости баскетбола";2;18;5803;2226
"новости костаная";2;16;5519;2136
"новости руан";2;12;29980;4326
"новости сватово";2;15;41485;4721
"энгельс новости";2;15;25625;3397
"вязьма новости";2;14;9119;4720
"новости рославль";2;16;8851;2601
"новости лисичанска";2;18;13747;2030
"новости америки";2;15;23021;2178
"новости авто";2;12;9344;2033
"тольятти новости";2;16;97601;42208
"месси новости";2;13;6745;2883
"новости геленджика";2;18;10920;2294
"новости губкина";2;15;6792;2292
"новости кчр";2;11;10526;2526
"новости автоваза";2;16;9839;2291
"новости волгодонск";2;18;30891;2628
"сегодняшние новости";2;19;239674;2668
"новости рпл";2;11;8689;3846
"новости ф1";2;10;6240;4977
"новости торжка";2;14;5744;2175
"новости образования";2;19;18434;2266
"новости мое";2;11;73693868;2345
"новости усинска";2;15;6224;2219
"армянские новости";2;17;7289;2161
"новости лайф";2;12;25918;2475
"нато новости";2;12;18178;4143
"новости гугл";2;12;20807;9025
"новости запорожье";2;17;51837;5402
"укрнет новости";2;14;6801;2846
"новости актау";2;13;5328;2120
"новости уральска";2;16;7806;2152
"банкфакс новости";2;16;16980;2294
"новости сарапула";2;16;5082;1949
"топвар новости";2;14;4792;2438
"икеа новости";2;12;6946;2439
"лнр новости";2;11;156101;29331
"новости серова";2;14;18733;2060
"руан новости";2;12;30043;4374
"новости сахалин";2;15;69363;3375
"вологда новости";2;15;60555;4248
"новости 74";2;10;41799;2363
"бердянск новости";2;16;26072;3461
"новости донбасс";2;15;267919;7216
"новости североуральска";2;22;4923;1909
"новости кп";2;10;16003;3204
"саранск новости";2;15;57454;4571
"марьинка новости";2;16;22405;2654
"новости подольска";2;17;11261;2236
"новости лысьвы";2;14;6037;2124
"новости спецоперация";2;20;769068;9107
"новости гомель";2;14;31706;3178
"новости молдова";2;15;87450;6426
"новости страны";2;14;71492;2142
"новости цска";2;12;37913;3109
"биткоин новости";2;15;8197;2767
"елец новости";2;12;56787;9800
"смешные новости";2;15;7126;2327
"сумы новости";2;12;15235;4176
"новости алчевска";2;16;10988;2120
"новости севастополь";2;19;87816;7946
"белсат новости";2;14;5777;2274
"новости мю";2;10;5587;3471
"новости волжский";2;16;23715;2472
"новости ставропольского";2;23;39682;1807
"новости вологда";2;15;60524;4364
"новости могилев";2;15;21231;2667
"новости технологий";2;18;10267;1825
"новости шахмат";2;14;6359;1829
"mail новости";2;12;18933;2175
"молдавия новости";2;16;11642;2352
"новости вагнер";2;14;75846;4036
"новости погоды";2;14;61596;1868
"невароно новости";2;16;2830;2161
"лыжи новости";2;12;9342;2822
"покажи новости";2;14;56292;2060
"новости владикавказа";2;20;8520;1821
"новости азербайджан";2;19;195332;31955
"огайо новости";2;13;5664;2293
"новости знаменитостей";2;21;13117;1820
"новости керчь";2;13;40335;3721
"строительные новости";2;20;5150;1883
"новости аткарска";2;16;2909;1744
"новости донецк";2;14;101606;5404
"новости сызрань";2;15;72654;7141
"рыбинск новости";2;15;22887;2681
"связной новости";2;15;5243;2195
"новости колпино";2;15;4375;2334
"фургал новости";2;14;60668;2441
"вагнер новости";2;14;69220;3446
"новости пинска";2;14;5096;1743
"футбольные новости";2;18;19336;1878
"новости на";2;10;73693868;1787
"новости мировые";2;15;113338;37086
"новости спорт";2;13;378116;11070
"новости искитима";2;16;6271;1834
"бузова новости";2;14;17430;2527
"краматорск новости";2;18;19534;2120
"рпл новости";2;11;8580;3796
"новости янао";2;12;6845;2240
"ростов новости";2;14;130156;4583
"новости фонтанка";2;16;79489;4162
"wwe новости";2;11;3568;2820
"новости энергодара";2;18;7898;1914
"смоленские новости";2;18;26142;1845
"новости одесса";2;14;63824;6427
"тинькофф новости";2;16;6653;2225
"спб новости";2;11;159964;39884
"польша новости";2;14;25302;2911
"новости апл";2;11;5234;3164
"новости японии";2;14;20485;1921
"новости павлодара";2;17;4488;1933
"новости медицины";2;16;9935;1739
"новости звезда";2;14;65762;4599
"воркута новости";2;15;10013;2568
"новости гагаузии";2;16;3511;1669
"новости бакал";2;13;7016;1741
"новости тайланда";2;16;9906;1738
"дождь новости";2;13;11288;2111
"новости вот";2;11;73693868;2540
"белорусские новости";2;19;18958;1785
"новости бурятия";2;15;74137;2431
"главное новости";2;15;1154861;11397
"новости буинска";2;15;3304;1764
"керчь новости";2;13;40268;3733
"новости испании";2;15;8101;1651
"новости ревды";2;13;9378;1681
"новости молдавии";2;16;11642;1792
"чехов новости";2;13;22049;1951
"новости байден";2;14;27247;5832
"новости минусинска";2;18;9245;1589
"новости алексина";2;16;6657;1679
"ревда новости";2;13;9432;2111
"новости екб";2;11;4884;2175
"новости псж";2;11;5341;2317
"чайковские новости";2;18;8792;1747
"новости верхотурье";2;18;2843;1826
"звездные новости";2;16;4156;1779
"мурманск новости";2;16;29341;3403
"новости весьегонска";2;19;5157;1690
"шебекино новости";2;16;26930;7503
"новости бугульмы";2;16;6759;1732
"новость часа";2;12;897615;1717
"новосибирские новости";2;21;20803;1740
"новости бесплатно";2;17;543250;1690
"продолжи новости";2;16;4612;1710
"финансовые новости";2;18;8809;1924
"московские новости";2;18;84598;1682
"новости карабаха";2;16;14026;1680
"кадыров новости";2;15;22984;2222
"роналду новости";2;15;8075;1908
"телеграмм новости";2;17;166031;4821
"дагестан новости";2;16;50516;2676
"новости владивосток";2;19;42975;3084
"русские новости";2;15;627166;1784
"авдеевка новости";2;16;26423;2319
"новости полевского";2;18;5614;1597
"новости одинцово";2;16;5066;1941
"новости осетии";2;14;13217;1663
"новости енисейска";2;17;3869;1685
"гордон новости";2;14;22360;2674
"зеленоград новости";2;18;15498;2080
"международные новости";2;21;10111;1843
"новости кбр";2;11;7226;1732
"новости псков";2;13;27114;3057
"новости ставрополя";2;18;22041;1657
"новости выборга";2;15;7867;1633
"новости мурманск";2;16;29341;3403
"хоккей новости";2;14;53968;2186
"абхазия новости";2;15;24904;1888
"автоваз новости";2;15;9893;2119
"мю новости";2;10;5587;3471
"новости биржи";2;13;8449;1592
"абрамович новости";2;17;7680;1663
"днепр новости";2;13;18426;2624
"новости шеремета";2;16;9714;1566
"горячие новости";2;15;20841;1575
"турецкие новости";2;16;21551;1566
"новости сайта";2;13;293200;1548
"новости 365";2;11;10556;1826
"новости баку";2;12;5798;2052
"новости новочебоксарска";2;23;7125;1513
"узбекистан новости";2;18;45652;2011
"новости ржева";2;13;8191;1505
"ачинск новости";2;14;15847;5088
"новости ковров";2;14;16696;2432
"новости шарья";2;13;15317;2153
"новости соцсети";2;15;64759;2408
"новости кременчуга";2;18;5943;1524
"новости xbox";2;12;4328;3012
"челны новости";2;13;46033;3806
"свободные новости";2;17;164424;1375
"новости всу";2;11;15145;1516
"новости минска";2;14;18781;1430
"новости великобритании";2;22;15523;1383
"лисичанск новости";2;17;13747;1889
"новости алапаевска";2;18;4484;1410
"кндр новости";2;12;4715;2521
"новости домодедово";2;18;5990;1803
"новости мейл";2;12;6244;3686
"новости чечни";2;13;6302;1449
"новости зеленодольска";2;21;4865;1511
"новости норильска";2;17;6708;1419
"новости футбол";2;14;201897;6005
"новости миасса";2;14;25475;1555
"новости телеграм";2;16;62314;2574
"аниме новости";2;13;4719;2291
"владивосток новости";2;19;44179;3218
"актуальные новости";2;18;12285;1499
"антимайдан новости";2;18;26745;1740
"xbox новости";2;12;4436;3071
"новозыбков новости";2;18;14175;2236
"новости барановичи";2;18;6246;1559
"новости 360";2;11;12886;1983
"михалков новости";2;16;55780;1666
"златоуст новости";2;16;17243;2086
"новости бердянск";2;16;25681;3375
"топ новости";2;11;9964;1607
"стрелков новости";2;16;68367;2135
"новости костомарова";2;19;4304922;1566
"паранормальные новости";2;22;1982;1466
"новости фсин";2;12;10222;2247
"новости dzen";2;12;64040;4285
"хабаровск новости";2;17;35849;3844
"новости копейска";2;16;4104;1427
"навальный новости";2;17;10544;1687
"сбербанк новости";2;16;11083;1774
"новости ангарска";2;16;8530;1437
"новости можги";2;13;7708;1437
"новости рен";2;11;93522;2696
"бкс новости";2;11;6326;1547
"новости барабинска";2;18;7964;1353
"последний новости";2;17;16310691;1456
"новости орши";2;12;3979;1353
"зарубежные новости";2;18;7827;1643
"джиган новости";2;14;11151;1501
"макеевка новости";2;16;26944;2160
"новости сахком";2;14;30905;15969
"новости джанкоя";2;15;7468;1363
"новости балашихи";2;16;10307;1386
"мир новостей";2;12;5550578;1359
"новости черногории";2;18;4296;1375
"саров новости";2;13;21023;1951
"дром новости";2;12;1987;1495
"новости метро";2;13;31874;2433
"новости кз";2;10;11874;1485
"барнаул новости";2;15;89498;5846
"новости чернигова";2;17;7882;1495
"евроньюс новости";2;16;8289;2450
"новости таганрог";2;16;47641;5102
"новости нижнего";2;15;207152;1350
"псков новости";2;13;26779;2995
"архангельск новости";2;19;37877;2384
"новости рк";2;10;4862;1472
"рязанские новости";2;17;30435;1469
"новости магадан";2;15;7814;1904
"панин новости";2;13;93704;1724
"заворотнюк новости";2;18;105238;1621
"галкин новости";2;14;57475;1626
"новости области";2;15;1502965;1405
"земфира новости";2;15;3160;1444
"райффайзенбанк новости";2;22;2937;1426
"вольск новости";2;14;26709;2669
"березники новости";2;17;15781;6809
"ставрополь новости";2;18;21766;6200
"европа новости";2;14;48056;1988
"больше новостей";2;15;27912;1377
"новости кропоткин";2;17;3444;1519
"ингушетия новости";2;17;13401;1537
"камышин новости";2;15;22291;2037
"новости полтавы";2;15;5226;1316
"новости рогачева";2;16;2287;1323
"новости молодечно";2;17;3203;1557
"новости новомосковска";2;21;8612;1363
"новости колпашево";2;17;5463;1393
"челси новости";2;13;11092;5739
"китайские новости";2;17;10241;1357
"новости аз";2;10;31847;3841
"новости минск";2;13;18781;3843
"новости криптовалюты";2;20;25599;1357
"новости дзержинска";2;18;12297;1260
"новости вольск";2;14;26548;2633
"новости энгельс";2;15;25502;3305
"арестович новости";2;17;24461;1758
"читаемые новости";2;16;726144;1273
"аригус новости";2;14;9193;1905
"новости электростали";2;20;3655;1198
"донецкие новости";2;16;85529;1312
"новости авангарда";2;17;18787;1212
"армавир новости";2;15;9891;1994
"мтс новости";2;11;7589;1943
"самарские новости";2;17;32260;1304
"новости жкх";2;11;7153;1548
"новости волейбола";2;17;6856;1296
"собчак новости";2;14;30786;1713
"новости киберспорта";2;19;2582;1272
"новости 29";2;10;47605;1313
"новости купянск";2;15;29356;4876
"новости армии";2;13;18799;1296
"новости шоубиз";2;14;6752;1785
"новости день";2;12;979910;1976
"саратовские новости";2;19;52509;1314
"новости it";2;10;73693868;1787
"новости радио";2;13;50267;5799
"новости дзень";2;13;47596;1759
